
--- Заполенение таблицы node
INSERT INTO blockchain_database.node
VALUES ('f4bf9f7fcbedaba0392f108c59d8f4a38b3838efb64877380171b54475c2ade8',
        'd3703e5a4efbd7c6497b03ee421ddbb12aa2afedb2aee97df291fbdbd29287da',
        '2022-01-01 10:01:20', 0),
       ('7a60e96a3df07f54d90ead6fe85ecfeb20474e539e5ddfad550c9d61e039106d',
        'd7ddfd74789b9ed7658e197bc40be1a51793067d6307b5432fee5766a4b3493d',
        '2021-05-11 21:05:10', 0),
       ('971a828a53a15ade34a34382c3139ae9eb885b98e5723615b0bdc9ba330ed415',
        '866aaf55b553473dae532c329ce42e2116251238fa9faca8e67b7926adce30da',
        '2023-09-09 11:33:03', 0),
       ('43a6c767275b5bf32216c4f5dbf8e15652d2e9ed725c10f18be25dd54c28df96',
        '0f62e52f43586ad4c3ab228aa9ee4938b213a38c6ca7f4d3cb5132ebf919684b',
        '2002-12-30 08:08:08', 0),
       ('0fe48d79dc87685af1b0a5722e6ce78e6e1c6928eb295d74e71f96cd1ba7b231',
        'd040cd5eabbb6349880afb0f43a4438912cfe4e5c167aae2623642367651fe1b',
        '2007-03-20 02:40:00', 0),
       ('629211b6391037679df5adf035c9fd7925312ce9726146bd0cb8b1f630ccb8be',
        'ebbf321dcc81fce5fa7601e94ac969ef804b3bef464b4db99f248caadcae501f',
        '2010-01-31 23:59:10', 0),
       ('2c6f2b6ea2dad9085f7a95e438d461f1a7f497cbdf76f2b8734ee93094fd1c1f',
        '3673d25f0b6f56c48040695276b538ed84ab8b283f63fbbc4a1728cae1bdc391',
        '2004-04-04 01:02:00', 0),
       ('0e4f9ea7ce6d21fade30c490be01e66a43eea0ba4e72b2ffa41fbe91a619d739',
        '6fd526e9c614bdbb5e124c7974cab3151a49d10a06e4b9c94d09d45a2aff8c16',
        '2020-12-01 10:05:00', 0),
       ('890fe72ea60a408444a3a348b1d1968e417bd42e3351b80090d3c0e0719c4b58',
        'ae44bd57b912ce1e61249928564771991417c68c90a0ab025c3b78f497a18989',
        '2020-11-19 11:11:00', 0),
       ('b76b3b2bd093b0801d3b548e7a228c5b8d4acaa3d4208194d459b2ac8f3c3f72',
        '9c4f13fbda6819552a21aca1d9bc2aba8ddc43eccd8b48ddaf041acdee1e02cd',
        '2021-06-05 22:57:00', 0);

--- Заполнение таблицы miner
INSERT INTO blockchain_database.miner
VALUES ('f4bf9f7fcbedaba0392f108c59d8f4a38b3838efb64877380171b54475c2ade8',
        0, 23.1),
       ('43a6c767275b5bf32216c4f5dbf8e15652d2e9ed725c10f18be25dd54c28df96',
        0, 1000.45),
       ('0fe48d79dc87685af1b0a5722e6ce78e6e1c6928eb295d74e71f96cd1ba7b231',
        0, 133.82),
       ('629211b6391037679df5adf035c9fd7925312ce9726146bd0cb8b1f630ccb8be',
        0, 556.9),
       ('b76b3b2bd093b0801d3b548e7a228c5b8d4acaa3d4208194d459b2ac8f3c3f72',
        0, 444.5);

--- Заполнение таблицы coin
INSERT INTO blockchain_database.coin
VALUES (1, 'Solana', 'https://solana.com/'),
       (2, 'Tron', 'https://tron.network/index?lng=rus'),
       (3, 'Ether', 'https://ethereum.org/ru/'),
       (4, 'Dogecoin', 'https://dogecoin.com/'),
       (5, 'Aptos', 'https://aptoslabs.com/'),
       (6, 'BitcoinCash', 'https://bitcoincash.org/'),
       (7, 'Litecoin', 'https://litecoin.com/en/'),
       (8, 'Ripple', 'https://ripple.com/'),
       (9, 'Compound', 'https://compound.finance/'),
       (10, 'Avax', 'https://www.avax.network/');

--- Заполнение таблицы block
INSERT INTO blockchain_database.block
VALUES ('101971ef8208c3d1d32f3fe61f65cfd0923ae1d84349e68f16a2a8c2a82334c6',
        '629211b6391037679df5adf035c9fd7925312ce9726146bd0cb8b1f630ccb8be',
        '2024-05-05 00:00:01', 1, 1, 1, 10),
       ('fe91adb0ca3ce048219625942abaad5c316da922e08500f23824bc481611df6d',
        'b76b3b2bd093b0801d3b548e7a228c5b8d4acaa3d4208194d459b2ac8f3c3f72',
        '2024-06-01 10:01:50', 2, 8, 5.75, 4),
       ('e04d95a51a1d7bac4c7cfab9be029e73e4044b853e5825223b917bdf5579f3ff',
        '0fe48d79dc87685af1b0a5722e6ce78e6e1c6928eb295d74e71f96cd1ba7b231',
        '2024-10-24 23:01:50', 3, 2, 0.01, 1),
       ('f38d4d9e677b0926e7c823fe95161243d9a1a80c474f39fd1ce53378be770c2f',
        '43a6c767275b5bf32216c4f5dbf8e15652d2e9ed725c10f18be25dd54c28df96',
        '2024-10-25 05:00:00', 4, 9, 1000, 100),
       ('63136f6854368e9da610a8e38f7c6118c673457ae3b29520e4eb8c04e5742b35',
        '43a6c767275b5bf32216c4f5dbf8e15652d2e9ed725c10f18be25dd54c28df96',
        '2025-01-01 14:45:09', 5, 10, 123.2, 200),
       ('04153be6de09f7296bb37ea6362c301175dbbf3f70d64432b20db3b444bfe1cc',
        '43a6c767275b5bf32216c4f5dbf8e15652d2e9ed725c10f18be25dd54c28df96',
        '2025-03-27 20:20:01', 6, 7, 333, 1),
       ('4bba6cf11433a178aac49c5bda0ca9264048136eaa2c77044e783effd5cff0e8',
        'f4bf9f7fcbedaba0392f108c59d8f4a38b3838efb64877380171b54475c2ade8',
        '2025-04-30 18:05:34', 7, 3, 991233.01, 1),
       ('88fe8f7b90af29d09b45e1b10419ba5f6367d12cb0b4cb29ad9e15ad772ea858',
        'f4bf9f7fcbedaba0392f108c59d8f4a38b3838efb64877380171b54475c2ade8',
        '2025-12-31 23:59:59', 8, 5, 2.2, 23),
       ('86ffbdb9c6967b59e8c68c57414a90db2103debc45996ec7722aae42a03d4067',
        '0fe48d79dc87685af1b0a5722e6ce78e6e1c6928eb295d74e71f96cd1ba7b231',
        '2030-11-02 19:49:00', 9, 4, 0.0001, 55),
       ('91531fa3e9a34cbf781f65ea6d815e6a3f361666032ad10bdf35753530b1e639',
        '0fe48d79dc87685af1b0a5722e6ce78e6e1c6928eb295d74e71f96cd1ba7b231',
        '2030-11-30 07:00:00', 10, 6, 200, 40);

--- Заполнение таблицы operation
INSERT INTO blockchain_database.operation
VALUES ('606f43f34c96d38a151fbdf3d0756ff3bd03751582a1296a0391ab62d8183efd',
        '0fe48d79dc87685af1b0a5722e6ce78e6e1c6928eb295d74e71f96cd1ba7b231',
        '43a6c767275b5bf32216c4f5dbf8e15652d2e9ed725c10f18be25dd54c28df96',
        10, 100, '2024-01-01 10:10:10', '101971ef8208c3d1d32f3fe61f65cfd0923ae1d84349e68f16a2a8c2a82334c6', 0),
       ('9cf210687ba99bab8024ec83c2395daf24970b8e17f132dae0228c69e6ffdbc6',
        '0fe48d79dc87685af1b0a5722e6ce78e6e1c6928eb295d74e71f96cd1ba7b231',
        'b76b3b2bd093b0801d3b548e7a228c5b8d4acaa3d4208194d459b2ac8f3c3f72',
        2, 4.0123, '2024-02-01 23:05:44', 'fe91adb0ca3ce048219625942abaad5c316da922e08500f23824bc481611df6d', 2),
       ('32e8ef8f01cd60c6689bca1c3b460e142c3537e1354f3ec16034299fdd396906',
        '890fe72ea60a408444a3a348b1d1968e417bd42e3351b80090d3c0e0719c4b58',
        'f4bf9f7fcbedaba0392f108c59d8f4a38b3838efb64877380171b54475c2ade8',
        9, 10.9998, '2024-06-01 07:18:18', 'fe91adb0ca3ce048219625942abaad5c316da922e08500f23824bc481611df6d', 1.5),
       ('07159d25d45687a160dd4a8a41acdf4fd096d8440ffc85c080ca6c4db589a4f5',
        'b76b3b2bd093b0801d3b548e7a228c5b8d4acaa3d4208194d459b2ac8f3c3f72',
        '2c6f2b6ea2dad9085f7a95e438d461f1a7f497cbdf76f2b8734ee93094fd1c1f',
        3, 133.97976, '2024-05-05 09:05:34', 'e04d95a51a1d7bac4c7cfab9be029e73e4044b853e5825223b917bdf5579f3ff', 0.01),
       ('0572663a0da63230f3d1d6060e3160a3baa9091d950a37f92b2b824d4bd76acd',
        '0e4f9ea7ce6d21fade30c490be01e66a43eea0ba4e72b2ffa41fbe91a619d739',
        '971a828a53a15ade34a34382c3139ae9eb885b98e5723615b0bdc9ba330ed415',
        3, 100000.01, '2024-08-08 01:03:55', 'e04d95a51a1d7bac4c7cfab9be029e73e4044b853e5825223b917bdf5579f3ff', 0.02),
       ('15100f3b3cbad63f9ccfe081a0d2160016fa8a011ee4dbb605a7660718bdd56a',
        '0e4f9ea7ce6d21fade30c490be01e66a43eea0ba4e72b2ffa41fbe91a619d739',
        '971a828a53a15ade34a34382c3139ae9eb885b98e5723615b0bdc9ba330ed415',
        7, 0.000999, '2024-10-25 01:10:20', 'f38d4d9e677b0926e7c823fe95161243d9a1a80c474f39fd1ce53378be770c2f', 9999),
       ('19c12e7d240e8af13c6b1994f4a2efd72edb4835556988e2d53393635c731ad2',
        '890fe72ea60a408444a3a348b1d1968e417bd42e3351b80090d3c0e0719c4b58',
        '43a6c767275b5bf32216c4f5dbf8e15652d2e9ed725c10f18be25dd54c28df96',
        4, 3, '2024-10-25 01:10:20', '63136f6854368e9da610a8e38f7c6118c673457ae3b29520e4eb8c04e5742b35', 1),
       ('0424b7169a8b6b7f30a6facb43bc788ea1bd2a1b00671a1568401848a30a7b4a',
        '2c6f2b6ea2dad9085f7a95e438d461f1a7f497cbdf76f2b8734ee93094fd1c1f',
        'b76b3b2bd093b0801d3b548e7a228c5b8d4acaa3d4208194d459b2ac8f3c3f72',
        5, 433, '2025-02-27 23:59:59', '04153be6de09f7296bb37ea6362c301175dbbf3f70d64432b20db3b444bfe1cc', 32),
       ('5ef20512cf2026f04847d525579acde49a82c62f6399c8087c9920b97fd2c0dc',
        'f4bf9f7fcbedaba0392f108c59d8f4a38b3838efb64877380171b54475c2ade8',
        'b76b3b2bd093b0801d3b548e7a228c5b8d4acaa3d4208194d459b2ac8f3c3f72',
        6, 33, '2025-04-29 08:05:31', '4bba6cf11433a178aac49c5bda0ca9264048136eaa2c77044e783effd5cff0e8', 32.99),
       ('edee03076db8193312575af2237c91bb5d32bdc955f19379d22ded612cf1867b',
        '7a60e96a3df07f54d90ead6fe85ecfeb20474e539e5ddfad550c9d61e039106d',
        '2c6f2b6ea2dad9085f7a95e438d461f1a7f497cbdf76f2b8734ee93094fd1c1f',
        6, 988, '2025-10-10 19:49:51', '88fe8f7b90af29d09b45e1b10419ba5f6367d12cb0b4cb29ad9e15ad772ea858', 1),
       ('f8cf8d2562a275402c87031800c8c3c7dc1f82ddd9d7fe1e95f494aa9f7b0802',
        '43a6c767275b5bf32216c4f5dbf8e15652d2e9ed725c10f18be25dd54c28df96',
        '0fe48d79dc87685af1b0a5722e6ce78e6e1c6928eb295d74e71f96cd1ba7b231',
        1, 99, '2030-11-01 19:49:51', '86ffbdb9c6967b59e8c68c57414a90db2103debc45996ec7722aae42a03d4067', 400),
        ('1e40c988f62e8836c20559a53e56ca43bfcf04a4b57a8e3cd26a94565a25054b',
        '0fe48d79dc87685af1b0a5722e6ce78e6e1c6928eb295d74e71f96cd1ba7b231',
        '629211b6391037679df5adf035c9fd7925312ce9726146bd0cb8b1f630ccb8be',
        10, 45, '2030-11-29 01:01:01', '91531fa3e9a34cbf781f65ea6d815e6a3f361666032ad10bdf35753530b1e639', 45),
        ('e1bce14eaf09e9fadf5112d20e3095b1cde0997c3ee836b4fef9bb47df942359',
        'b76b3b2bd093b0801d3b548e7a228c5b8d4acaa3d4208194d459b2ac8f3c3f72',
        '890fe72ea60a408444a3a348b1d1968e417bd42e3351b80090d3c0e0719c4b58',
        2, 45, '2036-12-30 23:29:29', null, 1233),
        ('862eb53bb657fac5998f00467d490671d6982a669071b90403c8d32683274882',
        '43a6c767275b5bf32216c4f5dbf8e15652d2e9ed725c10f18be25dd54c28df96',
        '890fe72ea60a408444a3a348b1d1968e417bd42e3351b80090d3c0e0719c4b58',
        4, 445, '2037-01-01 03:45:13', null, 999),
        ('d7201a73d77e5b8ccacbdd7253e442a7d7428f49f20d1e1c72182ef9def905af',
        '2c6f2b6ea2dad9085f7a95e438d461f1a7f497cbdf76f2b8734ee93094fd1c1f',
        '890fe72ea60a408444a3a348b1d1968e417bd42e3351b80090d3c0e0719c4b58',
        10, 4445, '2038-02-02 04:12:54', null, 1);
